"model","lambda","theta1_hat","se_theta1","theta2_hat","se_theta2","sigma_hat"
"WLS_local",0.9,-52.4828617200255,5.13096460379618,0.0275299015374912,0.00253610173658899,0.00624521157620469
