"question","phi1","phi2","stationary","root","real","imaginary","modulus"
"1.1-1.2",-0.6,0.5,TRUE,"z1",0.3,0.640312423743285,0.707106781186548
"1.1-1.2",-0.6,0.5,TRUE,"z2",0.3,-0.640312423743285,0.707106781186548
