"order","RMSE"
1,3.27803999440207
2,3.05669959717847
3,3.05330091898089
4,3.03413719240553
5,3.16479689098303
6,3.1612335272008
7,3.16229167634326
8,3.17708282176151
9,3.19762088437813
10,3.21015376117791
