"order","AIC","BIC"
1,643.46521501315,664.492839154768
2,609.295721309597,639.335184369052
3,599.514640454346,638.565942431637
4,594.243724316419,642.306865211547
5,585.831970902097,642.90695071506
6,591.552207554645,657.639026285445
7,594.775518992444,669.874176641081
8,598.919815201941,683.030311768414
9,601.387153741192,694.509489225501
10,605.641236646698,707.775411048844
