"lag","TdeltaIR","GvIR"
0,0.541104590984954,-0.0966874205996035
1,1.41974644356642,-0.0289009984312512
2,-0.190373951600738,-0.0109243462918467
3,2.24437426072708,0.00597571735353388
4,-1.44214019213798,-0.00999542462692056
5,0.258584222771838,-0.00652304877891753
6,0.477443627371189,-0.00304576200495839
7,0.369541329002599,-0.00247166195556338
8,0.538023502077115,0.00199352936286447
9,-0.307148772512489,-0.00119663288430324
10,0.115611760513303,0.00071176642383554
